epoch,time,training_cost,test_cost,shape_training_cost,size_training_cost,color_training_cost,shape_test_cost,size_test_cost,color_test_cost,shape_training_accuracy,size_training_accuracy,color_training_accuracy,shape_test_accuracy,size_test_accuracy,color_test_accuracy,monomino_training_accuracy,domino_training_accuracy,tromino1_training_accuracy,tromino2_training_accuracy,tetromino1_training_accuracy,tetromino2_training_accuracy,tetromino3_training_accuracy,tetromino4_training_accuracy,tetromino5_training_accuracy,1_training_accuracy,2_training_accuracy,3_training_accuracy,4_training_accuracy,black_training_accuracy,white_training_accuracy,red_training_accuracy,blue_training_accuracy,green_training_accuracy,yellow_training_accuracy,cyan_training_accuracy,magenta_training_accuracy,monomino_test_accuracy,domino_test_accuracy,tromino1_test_accuracy,tromino2_test_accuracy,tetromino1_test_accuracy,tetromino2_test_accuracy,tetromino3_test_accuracy,tetromino4_test_accuracy,tetromino5_test_accuracy,1_test_accuracy,2_test_accuracy,3_test_accuracy,4_test_accuracy,black_test_accuracy,white_test_accuracy,red_test_accuracy,blue_test_accuracy,green_test_accuracy,yellow_test_accuracy,cyan_test_accuracy,magenta_test_accuracy
0,0,0.1875000043058311,0.18750016012309512,0.06250000430583112,0.06250000484406001,0.06249999515593998,0.06250007535204476,0.06250010596381293,0.062499978807237414,0.1111111111111111,0.5555555555555556,0.14285714285714285,0.1111111111111111,0.5555555555555556,0.125,0.0,0.0,0.0,0.0,0.0,1.0,0.0,0.0,0.0,0.0,0.0,0.0,1.0,0.0,0.0,0.0,0.0,nan,0.0,1.0,0.0,0.0,0.0,0.0,0.0,0.0,1.0,0.0,0.0,0.0,0.0,0.0,0.0,1.0,0.0,0.0,0.0,0.0,0.0,0.0,1.0,0.0
25,30.27475823402405,0.02656966304600344,0.10371568909397832,0.026464034253747794,9.501117562490796e-05,1.061761663073585e-05,0.03646558832239222,0.008816652827792697,0.058433447943793404,0.603015873015873,1.0,1.0,0.4583333333333333,0.9444444444444444,0.875,1.0,1.0,0.6542857142857142,0.7528571428571429,0.3242857142857143,0.4942857142857143,0.2885714285714286,0.3271428571428571,0.5857142857142857,1.0,1.0,1.0,1.0,1.0,1.0,1.0,1.0,nan,1.0,1.0,1.0,1.0,0.8625,0.4625,0.6125,0.1625,0.3375,0.175,0.1625,0.35,1.0,0.8625,0.98125,0.935,1.0,1.0,1.0,1.0,0.0,1.0,1.0,1.0
50,33.35295415878296,0.01537029137549104,0.08964651160769993,0.015362099945229829,3.992128112013378e-06,4.199302149197412e-06,0.032169151306152347,0.0044780704710218645,0.052999289830525716,0.8306349206349206,1.0,1.0,0.6583333333333333,0.9763888888888889,0.875,1.0,1.0,0.9642857142857143,0.9914285714285714,0.6685714285714286,0.9171428571428571,0.53,0.6242857142857143,0.78,1.0,1.0,1.0,1.0,1.0,1.0,1.0,1.0,nan,1.0,1.0,1.0,1.0,0.925,0.7875,0.85,0.5,0.775,0.3125,0.2625,0.5125,1.0,0.925,1.0,0.9725,1.0,1.0,1.0,1.0,0.0,1.0,1.0,1.0
75,35.44111996650696,0.01190311840306672,0.08574210526766601,0.01189760238405258,1.9891019023600077e-06,3.526917111779016e-06,0.03343210573549624,0.003268866075409783,0.049041133456759985,0.8922222222222222,1.0,1.0,0.725,0.9847222222222223,0.875,1.0,1.0,0.9942857142857143,0.9928571428571429,0.8971428571428571,0.94,0.5728571428571428,0.7614285714285715,0.8714285714285714,1.0,1.0,1.0,1.0,1.0,1.0,1.0,1.0,nan,1.0,1.0,1.0,1.0,0.925,0.825,0.875,0.725,0.8125,0.4125,0.3875,0.5625,1.0,0.925,1.0,0.9875,1.0,1.0,1.0,1.0,0.0,1.0,1.0,1.0
100,33.49219972610474,0.009926431235155941,0.08247887722136063,0.009923049415440366,1.1612069866960012e-06,2.2206127288795653e-06,0.033737785433545525,0.002625926501221127,0.04611516528659397,0.9134920634920635,1.0,1.0,0.7569444444444444,0.9875,0.8736111111111111,1.0,1.0,0.9971428571428571,0.9985714285714286,0.9157142857142857,0.9542857142857143,0.6028571428571429,0.8171428571428572,0.9357142857142857,1.0,1.0,1.0,1.0,1.0,1.0,1.0,1.0,nan,1.0,1.0,1.0,1.0,0.9125,0.8,0.8875,0.7375,0.8625,0.4625,0.475,0.675,1.0,0.9125,1.0,0.995,1.0,1.0,1.0,0.9888888888888889,0.0,1.0,1.0,1.0
125,34.2384463596344,0.008844549427764912,0.08248704300250537,0.008842169544684192,1.0605262858527047e-06,1.3193567948681967e-06,0.03493230136824243,0.0027706884675555757,0.044784053166707354,0.9234920634920635,1.0,1.0,0.7513888888888889,0.9861111111111112,0.8736111111111111,1.0,1.0,0.9985714285714286,0.9985714285714286,0.93,0.9642857142857143,0.6214285714285714,0.8457142857142858,0.9528571428571428,1.0,1.0,1.0,1.0,1.0,1.0,1.0,1.0,nan,1.0,1.0,1.0,1.0,0.9125,0.8,0.875,0.725,0.875,0.475,0.45,0.65,1.0,0.9125,1.0,0.9925,1.0,1.0,1.0,0.9888888888888889,0.0,1.0,1.0,1.0
150,35.97265131950378,0.008295391625552264,0.08306952689164951,0.008293755748284556,8.280250051664927e-07,8.078522625423613e-07,0.035531472571102195,0.003357173668013679,0.04418088065253364,0.9277777777777778,1.0,1.0,0.7527777777777778,0.9847222222222223,0.8736111111111111,1.0,1.0,0.9985714285714286,0.9985714285714286,0.9328571428571428,0.9657142857142857,0.6471428571428571,0.8485714285714285,0.9585714285714285,1.0,1.0,1.0,1.0,1.0,1.0,1.0,1.0,nan,1.0,1.0,1.0,1.0,0.9125,0.8375,0.8875,0.725,0.85,0.4875,0.425,0.65,1.0,0.925,1.0,0.9875,1.0,1.0,1.0,0.9888888888888889,0.0,1.0,1.0,1.0
175,33.54262159347534,0.007856336293903851,0.08309077153235306,0.007855343557959932,4.6132620246637433e-07,5.314097414532351e-07,0.036722498764226466,0.002857634425163269,0.04351063834296332,0.9314285714285714,1.0,1.0,0.7472222222222222,0.9875,0.8736111111111111,1.0,1.0,1.0,0.9985714285714286,0.9342857142857143,0.9685714285714285,0.6671428571428571,0.8557142857142858,0.9585714285714285,1.0,1.0,1.0,1.0,1.0,1.0,1.0,1.0,nan,1.0,1.0,1.0,1.0,0.925,0.8375,0.8625,0.725,0.8125,0.4875,0.4,0.675,1.0,0.925,1.0,0.9925,1.0,1.0,1.0,0.9888888888888889,0.0,1.0,1.0,1.0
200,33.70339035987854,0.007413989385689331,0.08191444391821637,0.007413329001667218,3.179912603208943e-07,3.423927617924554e-07,0.0367356076652621,0.0021881146563424003,0.042990721596611874,0.9352380952380952,1.0,1.0,0.7513888888888889,0.9930555555555556,0.8736111111111111,1.0,1.0,1.0,0.9985714285714286,0.9342857142857143,0.9685714285714285,0.7,0.8571428571428571,0.9585714285714285,1.0,1.0,1.0,1.0,1.0,1.0,1.0,1.0,nan,1.0,1.0,1.0,1.0,0.95,0.85,0.825,0.725,0.8125,0.525,0.4,0.675,1.0,0.95,1.0,0.9975,1.0,1.0,1.0,0.9888888888888889,0.0,1.0,1.0,1.0
225,33.54609195709229,0.00707767872916735,0.08148445923019339,0.007077154465663581,2.96710410140573e-07,2.2755309362851437e-07,0.03706361276132089,0.0020210691624217565,0.04239977730645074,0.9371428571428572,1.0,1.0,0.7527777777777778,0.9930555555555556,0.8736111111111111,1.0,1.0,1.0,0.9985714285714286,0.9357142857142857,0.9685714285714285,0.7142857142857143,0.8571428571428571,0.96,1.0,1.0,1.0,1.0,1.0,1.0,1.0,1.0,nan,1.0,1.0,1.0,1.0,0.95,0.8375,0.825,0.7125,0.825,0.5375,0.4,0.6875,1.0,0.95,1.0,0.9975,1.0,1.0,1.0,0.9888888888888889,0.0,1.0,1.0,1.0
250,33.55862447738647,0.006958934054808522,0.08112011132416902,0.006958566494088954,2.022708086149087e-07,1.6528991095366932e-07,0.037302172625506363,0.001920612653096517,0.04189732604556613,0.9387301587301587,1.0,1.0,0.7597222222222222,0.9930555555555556,0.8736111111111111,1.0,1.0,1.0,0.9985714285714286,0.9385714285714286,0.9685714285714285,0.7228571428571429,0.8571428571428571,0.9628571428571429,1.0,1.0,1.0,1.0,1.0,1.0,1.0,1.0,nan,1.0,1.0,1.0,1.0,0.95,0.85,0.8375,0.725,0.8375,0.55,0.4125,0.675,1.0,0.95,1.0,0.9975,1.0,1.0,1.0,0.9888888888888889,0.0,1.0,1.0,1.0
275,138.94404076576234,0.006663302832409967,0.0813536008199056,0.006662993254484954,1.7572233142952125e-07,1.3385559358294047e-07,0.03771372901068794,0.002035355567932129,0.041604516241285534,0.9407936507936508,1.0,1.0,0.7625,0.9930555555555556,0.8736111111111111,1.0,1.0,1.0,0.9985714285714286,0.9385714285714286,0.97,0.7357142857142858,0.86,0.9642857142857143,1.0,1.0,1.0,1.0,1.0,1.0,1.0,1.0,nan,1.0,1.0,1.0,1.0,0.95,0.85,0.825,0.725,0.8375,0.5625,0.425,0.6875,1.0,0.95,1.0,0.9975,1.0,1.0,1.0,0.9888888888888889,0.0,1.0,1.0,1.0
300,61.0282462310791,0.006410109094634399,0.0815603283268434,0.006409844830763613,1.5673388372219745e-07,1.075299870636728e-07,0.03842473913122106,0.0019130672017733255,0.041222521993849015,0.9434920634920635,1.0,1.0,0.7666666666666667,0.9930555555555556,0.8736111111111111,1.0,1.0,1.0,0.9985714285714286,0.9385714285714286,0.97,0.7585714285714286,0.86,0.9657142857142857,1.0,1.0,1.0,1.0,1.0,1.0,1.0,1.0,nan,1.0,1.0,1.0,1.0,0.95,0.85,0.8625,0.725,0.85,0.575,0.4125,0.675,1.0,0.95,1.0,0.9975,1.0,1.0,1.0,0.9888888888888889,0.0,1.0,1.0,1.0
325,90.72504804611206,0.006313899547424015,0.08121504424898712,0.006313652563347388,1.6372248027769346e-07,8.326159634937843e-08,0.038374257970739296,0.0018422055575582717,0.04099858072068956,0.943968253968254,1.0,1.0,0.7666666666666667,0.9930555555555556,0.8736111111111111,1.0,1.0,1.0,0.9985714285714286,0.94,0.97,0.76,0.86,0.9671428571428572,1.0,1.0,1.0,1.0,1.0,1.0,1.0,1.0,nan,1.0,1.0,1.0,1.0,0.95,0.85,0.8625,0.725,0.8375,0.575,0.4125,0.6875,1.0,0.95,1.0,0.9975,1.0,1.0,1.0,0.9888888888888889,0.0,1.0,1.0,1.0
350,106.91175599098206,0.0062170534417856724,0.08103024626587643,0.006216889235077711,9.44158657350474e-08,6.979084222592295e-08,0.03835857061692226,0.001811353862285614,0.04086032178666857,0.9449206349206349,1.0,1.0,0.7638888888888888,0.9916666666666667,0.8736111111111111,1.0,1.0,1.0,0.9985714285714286,0.94,0.97,0.7628571428571429,0.8642857142857143,0.9685714285714285,1.0,1.0,1.0,1.0,1.0,1.0,1.0,1.0,nan,1.0,1.0,1.0,0.9875,0.95,0.85,0.8625,0.725,0.8375,0.575,0.4,0.6875,0.9875,0.95,1.0,0.9975,1.0,1.0,1.0,0.9888888888888889,0.0,1.0,1.0,1.0
375,92.3699132823944,0.006132668816904694,0.08082920487648175,0.0061325213181699185,9.102859563889011e-08,5.6470139136922264e-08,0.03838456000810788,0.001790669063727061,0.04065397580464681,0.9453968253968253,1.0,1.0,0.7611111111111111,0.9916666666666667,0.8736111111111111,1.0,1.0,1.0,0.9985714285714286,0.94,0.97,0.7671428571428571,0.8642857142857143,0.9685714285714285,1.0,1.0,1.0,1.0,1.0,1.0,1.0,1.0,nan,1.0,1.0,1.0,0.9875,0.95,0.85,0.8375,0.725,0.85,0.5625,0.4,0.6875,0.9875,0.95,1.0,0.9975,1.0,1.0,1.0,0.9888888888888889,0.0,1.0,1.0,1.0
400,33.74156871795654,0.006075338848498593,0.0806536572031033,0.006075230620315256,6.227951777714585e-08,4.5948665559528365e-08,0.03840032271396967,0.0017670861548847623,0.04048624833424886,0.9463492063492064,1.0,1.0,0.7611111111111111,0.9902777777777778,0.8736111111111111,1.0,1.0,1.0,0.9985714285714286,0.9428571428571428,0.97,0.77,0.8657142857142858,0.97,1.0,1.0,1.0,1.0,1.0,1.0,1.0,1.0,nan,1.0,1.0,1.0,0.9875,0.95,0.85,0.8375,0.725,0.85,0.575,0.4,0.675,0.9875,0.95,1.0,0.995,1.0,1.0,1.0,0.9888888888888889,0.0,1.0,1.0,1.0
425,33.40854817390442,0.006028470895698661,0.08050775829656623,0.006028375104201113,5.671453277861315e-08,3.90769647700446e-08,0.038481672310534815,0.0018275797367095948,0.04019850624932183,0.9471428571428572,1.0,1.0,0.7652777777777777,0.9902777777777778,0.8736111111111111,1.0,1.0,1.0,0.9985714285714286,0.9428571428571428,0.97,0.7757142857142857,0.8671428571428571,0.97,1.0,1.0,1.0,1.0,1.0,1.0,1.0,1.0,nan,1.0,1.0,1.0,0.9875,0.95,0.85,0.8375,0.725,0.85,0.5875,0.4125,0.6875,0.9875,0.95,1.0,0.995,1.0,1.0,1.0,0.9888888888888889,0.0,1.0,1.0,1.0
450,33.390034923553465,0.005970017639035708,0.0805840109233503,0.005969940131723986,4.3543732895087155e-08,3.396357882708784e-08,0.03872473681414569,0.0019010646475685967,0.039958209461636016,0.9477777777777778,1.0,1.0,0.7611111111111111,0.9902777777777778,0.8736111111111111,1.0,1.0,1.0,0.9985714285714286,0.9428571428571428,0.97,0.78,0.8685714285714285,0.97,1.0,1.0,1.0,1.0,1.0,1.0,1.0,1.0,nan,1.0,1.0,1.0,0.9875,0.95,0.8375,0.8375,0.725,0.85,0.5875,0.4,0.675,0.9875,0.95,1.0,0.995,1.0,1.0,1.0,0.9888888888888889,0.0,1.0,1.0,1.0
475,33.4532892036438,0.005957857239791755,0.0807243213057518,0.00595778423221864,4.298268957802701e-08,3.002488353688802e-08,0.038926696777343756,0.002001762224568261,0.03979586230383979,0.9477777777777778,1.0,1.0,0.7611111111111111,0.9902777777777778,0.8736111111111111,1.0,1.0,1.0,0.9985714285714286,0.9428571428571428,0.97,0.78,0.8685714285714285,0.97,1.0,1.0,1.0,1.0,1.0,1.0,1.0,1.0,nan,1.0,1.0,1.0,0.9875,0.95,0.8375,0.8375,0.725,0.85,0.5875,0.3875,0.6875,0.9875,0.95,1.0,0.995,1.0,1.0,1.0,0.9888888888888889,0.0,1.0,1.0,1.0
500,33.31532752037048,0.005846714418195845,0.08100295668398894,0.005846647501412313,3.6808732335293105e-08,3.0108051197159856e-08,0.03919681266502098,0.002149197624789344,0.039656946394178605,0.949047619047619,1.0,1.0,0.7638888888888888,0.9875,0.8736111111111111,1.0,1.0,1.0,0.9985714285714286,0.95,0.9714285714285714,0.7828571428571428,0.8685714285714285,0.97,1.0,1.0,1.0,1.0,1.0,1.0,1.0,1.0,nan,1.0,1.0,1.0,0.9875,0.95,0.8375,0.8375,0.725,0.8625,0.6,0.3875,0.6875,0.9875,0.95,1.0,0.99,1.0,1.0,1.0,0.9888888888888889,0.0,1.0,1.0,1.0
525,33.33618800163269,0.005799676992596727,0.08100059060034928,0.005799618137366347,3.208831046885323e-08,2.6766919911587758e-08,0.03920873712610315,0.0022180436386002433,0.03957380983564589,0.9498412698412698,1.0,1.0,0.7666666666666667,0.9875,0.8736111111111111,1.0,1.0,1.0,0.9985714285714286,0.9514285714285714,0.9714285714285714,0.7885714285714286,0.8685714285714285,0.97,1.0,1.0,1.0,1.0,1.0,1.0,1.0,1.0,nan,1.0,1.0,1.0,0.9875,0.95,0.8375,0.8375,0.725,0.8625,0.625,0.3875,0.6875,0.9875,0.95,1.0,0.99,1.0,1.0,1.0,0.9888888888888889,0.0,1.0,1.0,1.0
550,33.41012815475464,0.0057955370882931635,0.080940754601249,0.005795486692398313,2.7344175910074558e-08,2.3051718941017513e-08,0.03925996709752966,0.0021610960364341738,0.03951969146728516,0.9498412698412698,1.0,1.0,0.7680555555555556,0.9875,0.8736111111111111,1.0,1.0,1.0,0.9985714285714286,0.9514285714285714,0.9714285714285714,0.7885714285714286,0.8685714285714285,0.97,1.0,1.0,1.0,1.0,1.0,1.0,1.0,1.0,nan,1.0,1.0,1.0,0.9875,0.95,0.8375,0.8375,0.7375,0.85,0.625,0.3875,0.7,0.9875,0.95,1.0,0.99,1.0,1.0,1.0,0.9888888888888889,0.0,1.0,1.0,1.0
575,33.30632524490356,0.0056585039021601795,0.08038745906985836,0.0056584584607859345,2.4652838455660948e-08,2.078853578986748e-08,0.03908528457453222,0.0018942404124471877,0.03940793408287896,0.9504761904761905,1.0,1.0,0.7680555555555556,0.9916666666666667,0.8736111111111111,1.0,1.0,1.0,0.9985714285714286,0.9514285714285714,0.9714285714285714,0.7942857142857143,0.8685714285714285,0.97,1.0,1.0,1.0,1.0,1.0,1.0,1.0,1.0,nan,1.0,1.0,1.0,0.9875,0.95,0.8375,0.8375,0.7375,0.85,0.6375,0.4,0.675,0.9875,0.95,1.0,0.9975,1.0,1.0,1.0,0.9888888888888889,0.0,1.0,1.0,1.0
600,33.52270199775696,0.0055696581385120065,0.08029073945902011,0.005569618938250937,2.0751938877982042e-08,1.8448322190947475e-08,0.039062153851544414,0.0018795541591114468,0.039349031448364255,0.9514285714285714,1.0,1.0,0.7652777777777777,0.9916666666666667,0.8736111111111111,1.0,1.0,1.0,0.9985714285714286,0.9514285714285714,0.9728571428571429,0.7985714285714286,0.87,0.9714285714285714,1.0,1.0,1.0,1.0,1.0,1.0,1.0,1.0,nan,1.0,1.0,1.0,0.9875,0.95,0.8375,0.8125,0.7375,0.8625,0.6375,0.3875,0.675,0.9875,0.95,1.0,0.9975,1.0,1.0,1.0,0.9888888888888889,0.0,1.0,1.0,1.0
625,33.61338703155518,0.005453738726407724,0.08072919486849398,0.0054537011202050265,2.1286215910333253e-08,1.631998678758031e-08,0.039599453961407696,0.0018789935443136428,0.03925074736277263,0.9523809523809523,1.0,1.0,0.7666666666666667,0.9916666666666667,0.8736111111111111,1.0,1.0,1.0,0.9985714285714286,0.9514285714285714,0.9728571428571429,0.8057142857142857,0.87,0.9728571428571429,1.0,1.0,1.0,1.0,1.0,1.0,1.0,1.0,nan,1.0,1.0,1.0,0.9875,0.95,0.85,0.8125,0.7375,0.85,0.6375,0.3875,0.6875,0.9875,0.95,1.0,0.9975,1.0,1.0,1.0,0.9888888888888889,0.0,1.0,1.0,1.0
650,33.40756739616394,0.00534064300654749,0.08037826670908634,0.005340607927379575,1.9704785367976577e-08,1.5374382547590705e-08,0.03933951295452354,0.0018604723943604364,0.03917828136020236,0.9531746031746032,1.0,1.0,0.7666666666666667,0.9916666666666667,0.8736111111111111,1.0,1.0,1.0,0.9985714285714286,0.9514285714285714,0.9728571428571429,0.8114285714285714,0.8714285714285714,0.9728571428571429,1.0,1.0,1.0,1.0,1.0,1.0,1.0,1.0,nan,1.0,1.0,1.0,0.9875,0.95,0.85,0.8125,0.7375,0.85,0.6375,0.3875,0.6875,0.9875,0.95,1.0,0.9975,1.0,1.0,1.0,0.9888888888888889,0.0,1.0,1.0,1.0
675,33.482889041900634,0.0053235375436834235,0.08033804779435383,0.005323507319051752,1.6297280025254522e-08,1.3927351646420975e-08,0.03944633389696663,0.001820673214064704,0.03907104068332248,0.9534920634920635,1.0,1.0,0.7680555555555556,0.9916666666666667,0.8736111111111111,1.0,1.0,1.0,0.9985714285714286,0.9514285714285714,0.9728571428571429,0.8142857142857143,0.8714285714285714,0.9728571428571429,1.0,1.0,1.0,1.0,1.0,1.0,1.0,1.0,nan,1.0,1.0,1.0,0.9875,0.95,0.85,0.8125,0.7375,0.85,0.65,0.3875,0.6875,0.9875,0.95,1.0,0.9975,1.0,1.0,1.0,0.9888888888888889,0.0,1.0,1.0,1.0
700,33.65559379577637,0.005286180521955156,0.08046713876135556,0.005286153157552083,1.4656088462779446e-08,1.2708314609462544e-08,0.039717869699737174,0.0017905579672919379,0.03895871109432644,0.9538095238095238,1.0,1.0,0.7666666666666667,0.9916666666666667,0.8722222222222222,1.0,1.0,1.0,0.9985714285714286,0.9514285714285714,0.9728571428571429,0.8171428571428572,0.8714285714285714,0.9728571428571429,1.0,1.0,1.0,1.0,1.0,1.0,1.0,1.0,nan,1.0,1.0,1.0,0.9875,0.95,0.85,0.8125,0.7375,0.85,0.65,0.3875,0.675,0.9875,0.95,1.0,0.9975,1.0,1.0,1.0,0.9888888888888889,0.0,1.0,1.0,0.9888888888888889
725,33.38559688568115,0.0052350044379069986,0.08034377366672328,0.005234979431044698,1.2997475024017076e-08,1.200938727595799e-08,0.039684107274185,0.001730781462457445,0.038928884930080836,0.9541269841269842,1.0,1.0,0.7680555555555556,0.9916666666666667,0.8722222222222222,1.0,1.0,1.0,0.9985714285714286,0.9514285714285714,0.9728571428571429,0.8171428571428572,0.8714285714285714,0.9757142857142858,1.0,1.0,1.0,1.0,1.0,1.0,1.0,1.0,nan,1.0,1.0,1.0,0.9875,0.95,0.8375,0.825,0.7375,0.85,0.65,0.3875,0.6875,0.9875,0.95,1.0,0.9975,1.0,1.0,1.0,0.9888888888888889,0.0,1.0,1.0,0.9888888888888889
750,32.36281651496887,0.005200535288718394,0.08041990515258576,0.0052005134057746365,1.1184600889608855e-08,1.0698342867683442e-08,0.03984896341959635,0.0016770381066534255,0.03889390362633599,0.9542857142857143,1.0,1.0,0.7680555555555556,0.9916666666666667,0.8722222222222222,1.0,1.0,1.0,0.9985714285714286,0.9514285714285714,0.9728571428571429,0.8185714285714286,0.8714285714285714,0.9757142857142858,1.0,1.0,1.0,1.0,1.0,1.0,1.0,1.0,nan,1.0,1.0,1.0,0.9875,0.95,0.8375,0.825,0.7375,0.85,0.65,0.3875,0.6875,0.9875,0.95,1.0,0.9975,1.0,1.0,1.0,0.9888888888888889,0.0,1.0,1.0,0.9888888888888889
775,31.587129287719726,0.00509328343758257,0.08016516937885756,0.005093262687562004,1.0575939317248643e-08,1.017408124873385e-08,0.0397263468047719,0.0015939669476615057,0.03884485562642415,0.9550793650793651,1.0,1.0,0.7666666666666667,0.9916666666666667,0.8722222222222222,1.0,1.0,1.0,0.9985714285714286,0.9514285714285714,0.9757142857142858,0.8214285714285714,0.8714285714285714,0.9771428571428571,1.0,1.0,1.0,1.0,1.0,1.0,1.0,1.0,nan,1.0,1.0,1.0,0.9875,0.95,0.8375,0.825,0.7375,0.8375,0.65,0.3875,0.6875,0.9875,0.95,1.0,0.9975,1.0,1.0,1.0,0.9888888888888889,0.0,1.0,1.0,0.9888888888888889
800,31.575125532150267,0.004987349828293312,0.08002334651019838,0.004987331168361442,8.590528552073039e-09,1.0069403316943892e-08,0.039636484781901044,0.0015119388699531555,0.03887492285834419,0.9558730158730159,1.0,1.0,0.7694444444444445,0.9916666666666667,0.8722222222222222,1.0,1.0,1.0,0.9985714285714286,0.9514285714285714,0.9828571428571429,0.8214285714285714,0.8714285714285714,0.9771428571428571,1.0,1.0,1.0,1.0,1.0,1.0,1.0,1.0,nan,1.0,1.0,1.0,0.9875,0.95,0.85,0.8125,0.7375,0.8625,0.6625,0.3875,0.675,0.9875,0.95,1.0,0.9975,1.0,1.0,1.0,0.9888888888888889,0.0,1.0,1.0,0.9888888888888889
825,31.568507194519043,0.004956102857693661,0.07980866323650618,0.004956085366546793,7.892607726038449e-09,9.598539142485057e-09,0.039462030669789254,0.0014877791206041973,0.038858853446112736,0.9558730158730159,1.0,1.0,0.7708333333333334,0.9916666666666667,0.8722222222222222,1.0,1.0,1.0,0.9985714285714286,0.9514285714285714,0.9828571428571429,0.8214285714285714,0.8714285714285714,0.9771428571428571,1.0,1.0,1.0,1.0,1.0,1.0,1.0,1.0,nan,1.0,1.0,1.0,0.9875,0.95,0.85,0.8125,0.7375,0.875,0.6625,0.3875,0.675,0.9875,0.95,1.0,0.9975,1.0,1.0,1.0,0.9888888888888889,0.0,1.0,1.0,0.9888888888888889
850,31.531384649276735,0.004955128087840261,0.07973814683931846,0.004955112248711696,6.931523597496192e-09,8.907604968130944e-09,0.03942240255850333,0.0014438811275694105,0.038871863153245714,0.9558730158730159,1.0,1.0,0.7722222222222223,0.9916666666666667,0.8722222222222222,1.0,1.0,1.0,0.9985714285714286,0.9514285714285714,0.9828571428571429,0.8214285714285714,0.8714285714285714,0.9771428571428571,1.0,1.0,1.0,1.0,1.0,1.0,1.0,1.0,nan,1.0,1.0,1.0,0.9875,0.95,0.85,0.8125,0.7375,0.875,0.6625,0.3875,0.6875,0.9875,0.95,1.0,0.9975,1.0,1.0,1.0,0.9888888888888889,0.0,1.0,1.0,0.9888888888888889
875,31.63180567741394,0.004954889283733253,0.07966935215172943,0.004954874351541832,6.76922181377276e-09,8.162969606928528e-09,0.039375969215675634,0.0014231701691945393,0.038870212766859265,0.9558730158730159,1.0,1.0,0.7736111111111111,0.9916666666666667,0.8708333333333333,1.0,1.0,1.0,0.9985714285714286,0.9514285714285714,0.9828571428571429,0.8214285714285714,0.8714285714285714,0.9771428571428571,1.0,1.0,1.0,1.0,1.0,1.0,1.0,1.0,nan,1.0,1.0,1.0,0.9875,0.95,0.85,0.825,0.7375,0.875,0.6625,0.3875,0.6875,0.9875,0.95,1.0,0.9975,1.0,1.0,1.0,0.9888888888888889,0.0,1.0,1.0,0.9777777777777777
900,31.582136087417602,0.0049540650011841905,0.07968275957269433,0.00495405139956735,6.080536256795602e-09,7.521080584006591e-09,0.03940189973807629,0.0013981910215483772,0.03888266881306966,0.9558730158730159,1.0,1.0,0.7722222222222223,0.9916666666666667,0.8708333333333333,1.0,1.0,1.0,0.9985714285714286,0.9514285714285714,0.9828571428571429,0.8214285714285714,0.8714285714285714,0.9771428571428571,1.0,1.0,1.0,1.0,1.0,1.0,1.0,1.0,nan,1.0,1.0,1.0,0.9875,0.95,0.85,0.825,0.7375,0.875,0.6625,0.3875,0.675,0.9875,0.95,1.0,0.9975,1.0,1.0,1.0,0.9888888888888889,0.0,1.0,1.0,0.9777777777777777
925,31.567088956832887,0.004919312140500327,0.07971730121859798,0.004919299036527227,5.857724491285072e-09,7.246248608839417e-09,0.03943285765471282,0.0013917717668745252,0.038892671797010635,0.9561904761904761,1.0,1.0,0.7722222222222223,0.9916666666666667,0.8708333333333333,1.0,1.0,1.0,0.9985714285714286,0.9542857142857143,0.9828571428571429,0.8214285714285714,0.8714285714285714,0.9771428571428571,1.0,1.0,1.0,1.0,1.0,1.0,1.0,1.0,nan,1.0,1.0,1.0,0.9875,0.95,0.85,0.825,0.7375,0.875,0.6625,0.3875,0.675,0.9875,0.95,1.0,0.9975,1.0,1.0,1.0,0.9888888888888889,0.0,1.0,1.0,0.9777777777777777
950,31.243770809173583,0.004885128953651161,0.07963092491766552,0.004885116657882771,5.512730341352936e-09,6.78303804884236e-09,0.03937420786162953,0.0013715607424577077,0.038885156313578285,0.9566666666666667,1.0,1.0,0.7736111111111111,0.9916666666666667,0.8708333333333333,1.0,1.0,1.0,0.9985714285714286,0.9542857142857143,0.9828571428571429,0.8257142857142857,0.8714285714285714,0.9771428571428571,1.0,1.0,1.0,1.0,1.0,1.0,1.0,1.0,nan,1.0,1.0,1.0,0.9875,0.95,0.85,0.825,0.7375,0.875,0.675,0.4,0.6625,0.9875,0.95,1.0,0.9975,1.0,1.0,1.0,0.9888888888888889,0.0,1.0,1.0,0.9777777777777777
975,28.317886962890626,0.004884288890988095,0.07958266609980735,0.004884277559041556,4.955502859841559e-09,6.376443678394906e-09,0.03934517377688561,0.0013359222147199842,0.03890157010820177,0.9566666666666667,1.0,1.0,0.775,0.9916666666666667,0.8708333333333333,1.0,1.0,1.0,0.9985714285714286,0.9542857142857143,0.9828571428571429,0.8257142857142857,0.8714285714285714,0.9771428571428571,1.0,1.0,1.0,1.0,1.0,1.0,1.0,1.0,nan,1.0,1.0,1.0,0.9875,0.95,0.85,0.825,0.7375,0.8875,0.675,0.4,0.6625,0.9875,0.95,1.0,0.9975,1.0,1.0,1.0,0.9888888888888889,0.0,1.0,1.0,0.9777777777777777
1000,20.607026042938234,0.004864857672140462,0.0795764996037807,0.004864846957844191,4.779906284677545e-09,5.934389986260425e-09,0.03937580909258054,0.001296564026011361,0.0389041264851888,0.9569841269841269,1.0,1.0,0.775,0.9916666666666667,0.8708333333333333,1.0,1.0,1.0,0.9985714285714286,0.9542857142857143,0.9828571428571429,0.8285714285714286,0.8714285714285714,0.9771428571428571,1.0,1.0,1.0,1.0,1.0,1.0,1.0,1.0,nan,1.0,1.0,1.0,0.9875,0.95,0.85,0.825,0.7375,0.8875,0.675,0.4,0.6625,0.9875,0.95,1.0,0.9975,1.0,1.0,1.0,0.9888888888888889,0.0,1.0,1.0,0.9777777777777777
1000,0,0.420109847386678,0.07957652617751815,0.09228244357638889,0.009639707141452366,0.3181876966688368,0.03937583028534312,0.0012965641087955898,0.038904131783379446,0.5066666666666667,0.9533333333333334,0.0,0.775,0.9916666666666667,0.8708333333333333,1.0,0.72,0.71,0.76,0.03,0.31,0.5,0.02,0.51,1.0,0.75,1.0,0.966,nan,nan,nan,nan,0.0,nan,nan,nan,0.9875,0.95,0.85,0.825,0.7375,0.8875,0.675,0.4,0.6625,0.9875,0.95,1.0,0.9975,1.0,1.0,1.0,0.9888888888888889,0.0,1.0,1.0,0.9777777777777777
1025,2.944570474624634,0.037532716778483,0.0779278307877205,0.037530057930652005,2.6235393145018154e-06,3.530851649379151e-08,0.03691924766257957,0.00042377784848213196,0.0405848052766588,0.69,1.0,1.0,0.7708333333333334,0.9986111111111111,0.8944444444444445,1.0,1.0,0.97,0.99,0.26,0.66,0.52,0.11,0.7,1.0,1.0,1.0,1.0,nan,nan,nan,nan,1.0,nan,nan,nan,0.9875,1.0,0.8625,0.825,0.7625,0.9,0.6375,0.375,0.5875,0.9875,1.0,1.0,1.0,0.8333333333333334,1.0,1.0,0.9888888888888889,1.0,0.8,0.5777777777777777,0.9555555555555556
1050,4.014528837203979,0.03477501839733903,0.08169900485670861,0.034774919674720295,9.110641258303076e-08,7.616206150689525e-09,0.03743718229694131,0.00043890621099207134,0.04382291634877523,0.7044444444444444,1.0,1.0,0.7736111111111111,0.9986111111111111,0.8777777777777778,1.0,1.0,1.0,0.99,0.28,0.66,0.56,0.15,0.7,1.0,1.0,1.0,1.0,nan,nan,nan,nan,1.0,nan,nan,nan,0.9875,1.0,0.875,0.825,0.8,0.9,0.625,0.3875,0.5625,0.9875,1.0,1.0,1.0,0.8,1.0,0.9888888888888889,0.9888888888888889,1.0,0.7888888888888889,0.5,0.9555555555555556
1075,4.655694437026978,0.03329206795354674,0.08381530142124788,0.03329188970871913,1.7267973614960082e-07,5.565091467158507e-09,0.03773775924870997,0.0005691415733761258,0.04550840059916179,0.7166666666666667,1.0,1.0,0.7708333333333334,0.9972222222222222,0.8638888888888889,1.0,1.0,1.0,0.99,0.28,0.69,0.59,0.19,0.71,1.0,1.0,1.0,1.0,nan,nan,nan,nan,1.0,nan,nan,nan,0.9875,1.0,0.875,0.8125,0.7875,0.8875,0.6375,0.375,0.575,0.9875,1.0,1.0,0.9975,0.7666666666666667,1.0,0.9888888888888889,0.9888888888888889,1.0,0.7555555555555555,0.45555555555555555,0.9555555555555556
1100,4.3798337650299075,0.03150968756995356,0.08563264919283949,0.03150930710780767,3.6458707957838973e-07,1.5875066310400143e-08,0.03838435043523341,0.000677081114716,0.04657121764289008,0.7344444444444445,1.0,1.0,0.7652777777777777,0.9972222222222222,0.8486111111111111,1.0,1.0,1.0,0.99,0.34,0.69,0.64,0.23,0.72,1.0,1.0,1.0,1.0,nan,nan,nan,nan,1.0,nan,nan,nan,0.9875,1.0,0.8625,0.825,0.8,0.8875,0.6125,0.3875,0.525,0.9875,1.0,1.0,0.9975,0.7444444444444445,1.0,0.9888888888888889,0.9888888888888889,1.0,0.7444444444444445,0.36666666666666664,0.9555555555555556
1125,4.639937791824341,0.028639484698320797,0.08717602585660822,0.02863930407865548,1.35472485756812e-07,4.5147179561253224e-08,0.038912481143150796,0.0006033263686630461,0.04766021834479438,0.7544444444444445,1.0,1.0,0.7625,0.9972222222222222,0.8444444444444444,1.0,1.0,1.0,1.0,0.45,0.69,0.63,0.29,0.73,1.0,1.0,1.0,1.0,nan,nan,nan,nan,1.0,nan,nan,nan,0.9875,1.0,0.8625,0.8375,0.7875,0.8875,0.6125,0.375,0.5125,0.9875,1.0,1.0,0.9975,0.7333333333333333,1.0,0.9888888888888889,0.9888888888888889,1.0,0.7222222222222222,0.36666666666666664,0.9555555555555556
1150,4.699833354949951,0.027986563205518726,0.08898569838500317,0.027986470917124806,7.266738167446521e-08,1.962101224408899e-08,0.039530878891179594,0.0007084296809302436,0.04874638981289334,0.76,1.0,1.0,0.7638888888888888,0.9958333333333333,0.8277777777777777,1.0,1.0,1.0,1.0,0.49,0.69,0.63,0.3,0.73,1.0,1.0,1.0,1.0,nan,nan,nan,nan,1.0,nan,nan,nan,0.9875,1.0,0.875,0.8375,0.8,0.875,0.6125,0.35,0.5375,0.9875,1.0,1.0,0.995,0.7222222222222222,1.0,0.9888888888888889,0.9888888888888889,1.0,0.6666666666666666,0.3,0.9555555555555556
1175,4.801354150772095,0.027465617157315735,0.09026287722366827,0.02746551325291763,9.641201662210127e-08,7.492381478692146e-09,0.039936517786096644,0.0007690020733409458,0.049557357364230684,0.76,1.0,1.0,0.7597222222222222,0.9958333333333333,0.8125,1.0,1.0,1.0,1.0,0.49,0.69,0.63,0.3,0.73,1.0,1.0,1.0,1.0,nan,nan,nan,nan,1.0,nan,nan,nan,0.9875,1.0,0.875,0.825,0.7875,0.875,0.5875,0.35,0.55,0.9875,1.0,1.0,0.995,0.7,1.0,0.9888888888888889,0.9777777777777777,1.0,0.6333333333333333,0.24444444444444444,0.9555555555555556
1200,4.9264584827423095,0.026419375580837907,0.09157206937670709,0.02641929343894676,5.404227623431426e-08,2.809961491342013e-08,0.04042778015136719,0.0009207373691929711,0.050223551856146915,0.7711111111111111,1.0,1.0,0.7652777777777777,0.9944444444444445,0.8097222222222222,1.0,1.0,1.0,1.0,0.55,0.69,0.63,0.32,0.75,1.0,1.0,1.0,1.0,nan,nan,nan,nan,1.0,nan,nan,nan,0.9875,1.0,0.875,0.825,0.8125,0.875,0.5875,0.35,0.575,0.9875,1.0,1.0,0.9925,0.6777777777777778,1.0,0.9888888888888889,0.9777777777777777,1.0,0.6333333333333333,0.24444444444444444,0.9555555555555556
1225,4.254094085693359,0.02472492668643739,0.09314546916219923,0.024724838821976274,8.333527754681806e-08,4.529183570411988e-09,0.04127951727973091,0.000933915376663208,0.05093203650580512,0.7844444444444445,1.0,1.0,0.7694444444444445,0.9944444444444445,0.7986111111111112,1.0,1.0,1.0,1.0,0.59,0.7,0.68,0.34,0.75,1.0,1.0,1.0,1.0,nan,nan,nan,nan,1.0,nan,nan,nan,0.9875,1.0,0.875,0.8125,0.7875,0.875,0.625,0.3875,0.575,0.9875,1.0,1.0,0.9925,0.6777777777777778,1.0,0.9888888888888889,0.9555555555555556,1.0,0.5888888888888889,0.2222222222222222,0.9555555555555556
1250,4.219044198989868,0.022887800198946134,0.094241562936409,0.02288774466808931,5.127837034201043e-08,4.252486481467107e-09,0.041758582032757036,0.0009839956131246356,0.05149898529052734,0.7988888888888889,1.0,1.0,0.7708333333333334,0.9958333333333333,0.7875,1.0,1.0,1.0,1.0,0.6,0.71,0.72,0.39,0.77,1.0,1.0,1.0,1.0,nan,nan,nan,nan,1.0,nan,nan,nan,0.9875,1.0,0.875,0.8125,0.825,0.8625,0.5625,0.4,0.6125,0.9875,1.0,1.0,0.995,0.6777777777777778,1.0,0.9888888888888889,0.9555555555555556,1.0,0.5333333333333333,0.17777777777777778,0.9666666666666667
1275,4.249675321578979,0.022085871812273637,0.09610307125581635,0.022085818067009065,4.735379964889338e-08,6.391464921762235e-09,0.042732493082682295,0.001318541251950794,0.05205203692118327,0.8033333333333333,1.0,1.0,0.7611111111111111,0.9944444444444445,0.7791666666666667,1.0,1.0,1.0,1.0,0.6,0.71,0.75,0.4,0.77,1.0,1.0,1.0,1.0,nan,nan,nan,nan,1.0,nan,nan,nan,0.9875,1.0,0.85,0.825,0.7875,0.875,0.5625,0.375,0.5875,0.9875,1.0,1.0,0.9925,0.6777777777777778,1.0,0.9888888888888889,0.9555555555555556,1.0,0.4888888888888889,0.15555555555555556,0.9666666666666667
1300,4.202256355285645,0.021108988510113027,0.09843507381501021,0.021108929669415508,4.457266590583863e-08,1.4268031615453462e-08,0.04389331958912037,0.0017633141742812264,0.052778440051608616,0.8133333333333334,1.0,1.0,0.7472222222222222,0.9902777777777778,0.7736111111111111,1.0,1.0,1.0,1.0,0.6,0.75,0.79,0.4,0.78,1.0,1.0,1.0,1.0,nan,nan,nan,nan,1.0,nan,nan,nan,0.9875,1.0,0.85,0.8125,0.775,0.8375,0.55,0.375,0.5375,0.9875,1.0,1.0,0.985,0.6777777777777778,1.0,0.9888888888888889,0.9555555555555556,1.0,0.45555555555555555,0.14444444444444443,0.9666666666666667
1325,4.244611358642578,0.02109992308598594,0.10004012294021654,0.021099874237437307,4.303387363001497e-08,5.814675003219034e-09,0.044556813181182486,0.0020984917879104613,0.05338481797112359,0.8133333333333334,1.0,1.0,0.7472222222222222,0.9902777777777778,0.7694444444444445,1.0,1.0,1.0,1.0,0.6,0.75,0.79,0.4,0.78,1.0,1.0,1.0,1.0,nan,nan,nan,nan,1.0,nan,nan,nan,0.9875,1.0,0.85,0.8125,0.775,0.8375,0.5625,0.375,0.525,0.9875,1.0,1.0,0.985,0.6777777777777778,1.0,0.9888888888888889,0.9555555555555556,1.0,0.4222222222222222,0.14444444444444443,0.9666666666666667
1350,4.243166561126709,0.020729345370632923,0.10099131667319639,0.0207293098355517,3.2191251698855516e-08,3.3438295253694783e-09,0.04500976374119888,0.002153318789270189,0.05382823414272732,0.8177777777777778,1.0,1.0,0.7444444444444445,0.9902777777777778,0.7638888888888888,1.0,1.0,1.0,1.0,0.61,0.78,0.79,0.4,0.78,1.0,1.0,1.0,1.0,nan,nan,nan,nan,1.0,nan,nan,nan,0.9875,1.0,0.8625,0.8125,0.775,0.825,0.5375,0.375,0.525,0.9875,1.0,1.0,0.985,0.6777777777777778,1.0,0.9888888888888889,0.9555555555555556,1.0,0.37777777777777777,0.14444444444444443,0.9666666666666667
1375,4.252417039871216,0.020433965376525243,0.10212220854965257,0.02043393923912519,2.39476786292572e-08,2.1897214234437947e-09,0.045594410837432486,0.0023420045773188273,0.05418579313490126,0.82,1.0,1.0,0.7388888888888889,0.9875,0.7625,1.0,1.0,1.0,1.0,0.63,0.78,0.79,0.4,0.78,1.0,1.0,1.0,1.0,nan,nan,nan,nan,1.0,nan,nan,nan,0.9875,1.0,0.8625,0.8,0.7625,0.825,0.5375,0.375,0.5,0.9875,1.0,1.0,0.98,0.6666666666666666,1.0,0.9888888888888889,0.9555555555555556,1.0,0.37777777777777777,0.14444444444444443,0.9666666666666667
1400,4.281212244033814,0.020113290228032103,0.10361331379340019,0.020113257890866126,3.053093678317964e-08,1.8062291928799823e-09,0.04632398346324026,0.0027293153935008577,0.054560014936659074,0.8222222222222222,1.0,1.0,0.7361111111111112,0.9861111111111112,0.7611111111111111,1.0,1.0,1.0,1.0,0.63,0.78,0.79,0.42,0.78,1.0,1.0,1.0,1.0,nan,nan,nan,nan,1.0,nan,nan,nan,0.9875,1.0,0.8625,0.8,0.7375,0.8125,0.525,0.375,0.525,0.9875,1.0,1.0,0.9775,0.6666666666666666,0.9888888888888889,0.9888888888888889,0.9555555555555556,1.0,0.37777777777777777,0.14444444444444443,0.9666666666666667
1425,4.251051836013794,0.020068837950040847,0.10456994484972071,0.02006882279007523,1.3871085684513673e-08,1.288879932164693e-09,0.04674282780400029,0.002978059318330553,0.05484905772738986,0.8233333333333334,1.0,1.0,0.7375,0.9861111111111112,0.7555555555555555,1.0,1.0,1.0,1.0,0.63,0.78,0.8,0.42,0.78,1.0,1.0,1.0,1.0,nan,nan,nan,nan,1.0,nan,nan,nan,0.9875,1.0,0.8625,0.8,0.7375,0.825,0.525,0.375,0.525,0.9875,1.0,1.0,0.9775,0.6555555555555556,0.9888888888888889,0.9888888888888889,0.9555555555555556,1.0,0.34444444444444444,0.14444444444444443,0.9666666666666667
1450,4.084995241165161,0.01935222161898725,0.10683565739496255,0.019352181517047647,2.1390393764401476e-08,1.8711545837706783e-08,0.047710823718412426,0.003588791357146369,0.055536042319403754,0.8255555555555556,1.0,1.0,0.7333333333333333,0.9833333333333333,0.7458333333333333,1.0,1.0,1.0,1.0,0.63,0.81,0.79,0.42,0.78,1.0,1.0,1.0,1.0,nan,nan,nan,nan,1.0,nan,nan,nan,0.9875,1.0,0.8625,0.7875,0.7375,0.825,0.525,0.3625,0.5125,0.9875,1.0,1.0,0.9725,0.6555555555555556,0.9888888888888889,0.9888888888888889,0.9444444444444444,1.0,0.32222222222222224,0.1,0.9666666666666667
1475,3.9797375202178955,0.019277153943827768,0.10817036510985575,0.019277130880473572,1.8299952999869775e-08,4.763401193486061e-09,0.048162173047477816,0.0039332601759168835,0.056074931886461045,0.8255555555555556,1.0,1.0,0.7305555555555555,0.9819444444444444,0.7430555555555556,1.0,1.0,1.0,1.0,0.63,0.81,0.79,0.42,0.78,1.0,1.0,1.0,1.0,nan,nan,nan,nan,1.0,nan,nan,nan,0.9875,1.0,0.8625,0.7875,0.7125,0.825,0.525,0.3625,0.5125,0.9875,1.0,1.0,0.97,0.6555555555555556,0.9888888888888889,0.9888888888888889,0.9444444444444444,1.0,0.32222222222222224,0.07777777777777778,0.9666666666666667
1500,4.021658048629761,0.018753286997249725,0.10977589859638685,0.01875327027874228,1.4262504919315689e-08,2.456002524316621e-09,0.04874568986304013,0.004494736923111809,0.05653547181023492,0.8311111111111111,1.0,1.0,0.7208333333333333,0.9791666666666666,0.7402777777777778,1.0,1.0,1.0,1.0,0.64,0.85,0.79,0.42,0.78,1.0,1.0,1.0,1.0,nan,nan,nan,nan,1.0,nan,nan,nan,0.9875,1.0,0.85,0.7875,0.7,0.8,0.5,0.35,0.5125,0.9875,1.0,1.0,0.965,0.6555555555555556,0.9888888888888889,0.9888888888888889,0.9333333333333333,1.0,0.32222222222222224,0.06666666666666667,0.9666666666666667
1525,3.9214694404602053,0.018638043908487528,0.11098986279081416,0.01863803251290027,1.0181929610553197e-08,1.2136576464803916e-09,0.04923560531051071,0.0048759132623672485,0.0568783442179362,0.8333333333333334,1.0,1.0,0.7194444444444444,0.9791666666666666,0.7375,1.0,1.0,1.0,1.0,0.64,0.85,0.79,0.42,0.8,1.0,1.0,1.0,1.0,nan,nan,nan,nan,1.0,nan,nan,nan,0.9875,1.0,0.85,0.7875,0.7,0.8,0.5,0.35,0.5,0.9875,1.0,1.0,0.965,0.6555555555555556,0.9888888888888889,0.9888888888888889,0.9222222222222223,1.0,0.3111111111111111,0.06666666666666667,0.9666666666666667
1550,3.7515316295623777,0.01849082808819018,0.11207874465135881,0.018490819106867284,8.027794946327857e-09,9.53527950918619e-10,0.049615615091206114,0.005288674765162997,0.05717445479498969,0.8333333333333334,1.0,1.0,0.7166666666666667,0.9791666666666666,0.7347222222222223,1.0,1.0,1.0,1.0,0.64,0.85,0.79,0.42,0.8,1.0,1.0,1.0,1.0,nan,nan,nan,nan,1.0,nan,nan,nan,0.9875,1.0,0.85,0.7875,0.7,0.7875,0.4875,0.35,0.5,0.9875,1.0,1.0,0.965,0.6333333333333333,0.9888888888888889,0.9888888888888889,0.9222222222222223,1.0,0.3111111111111111,0.06666666666666667,0.9666666666666667
1575,3.686471004486084,0.01838111529988184,0.11291746835649749,0.01838110652970679,7.794744508121058e-09,9.75430541277294e-10,0.04993172162844811,0.005589488479826186,0.0573962582482232,0.8344444444444444,1.0,1.0,0.7138888888888889,0.9763888888888889,0.7333333333333333,1.0,1.0,1.0,1.0,0.64,0.85,0.79,0.42,0.81,1.0,1.0,1.0,1.0,nan,nan,nan,nan,1.0,nan,nan,nan,0.9875,1.0,0.85,0.7875,0.7,0.775,0.4875,0.35,0.4875,0.9875,1.0,1.0,0.96,0.6222222222222222,0.9888888888888889,0.9888888888888889,0.9222222222222223,1.0,0.3111111111111111,0.06666666666666667,0.9666666666666667
1600,3.6839511680603025,0.018376547899282204,0.11367841031816271,0.018376540195794752,6.879290594952181e-09,8.241968569361941e-10,0.050187471177842884,0.005853623814053006,0.05763731532626682,0.8344444444444444,1.0,1.0,0.7097222222222223,0.975,0.7333333333333333,1.0,1.0,1.0,1.0,0.64,0.85,0.79,0.42,0.81,1.0,1.0,1.0,1.0,nan,nan,nan,nan,1.0,nan,nan,nan,0.9875,1.0,0.85,0.775,0.6875,0.775,0.4875,0.35,0.475,0.9875,1.0,1.0,0.9575,0.6222222222222222,0.9888888888888889,0.9888888888888889,0.9222222222222223,1.0,0.3111111111111111,0.06666666666666667,0.9666666666666667
1625,3.673513803482056,0.01813132499398962,0.11449914206693201,0.018131318268952548,5.938657320964719e-09,7.863797514397043e-10,0.05067000683443046,0.0059970054361555315,0.05783212979634603,0.8366666666666667,1.0,1.0,0.7111111111111111,0.9736111111111111,0.7305555555555555,1.0,1.0,1.0,1.0,0.64,0.85,0.79,0.42,0.83,1.0,1.0,1.0,1.0,nan,nan,nan,nan,1.0,nan,nan,nan,0.9875,1.0,0.8375,0.7875,0.6875,0.775,0.4875,0.35,0.4875,0.9875,1.0,1.0,0.955,0.6222222222222222,0.9888888888888889,0.9888888888888889,0.9222222222222223,1.0,0.3,0.05555555555555555,0.9666666666666667
1650,3.7366922283172608,0.01811741230621811,0.11525631061306707,0.01811740639769001,5.306289191745843e-09,6.022389066452483e-10,0.05085566485369647,0.006292141146130032,0.05810850461324056,0.8366666666666667,1.0,1.0,0.7083333333333334,0.9736111111111111,0.7291666666666666,1.0,1.0,1.0,1.0,0.64,0.85,0.79,0.42,0.83,1.0,1.0,1.0,1.0,nan,nan,nan,nan,1.0,nan,nan,nan,0.9875,1.0,0.8375,0.775,0.6625,0.7875,0.4875,0.35,0.4875,0.9875,1.0,1.0,0.955,0.6222222222222222,0.9888888888888889,0.9888888888888889,0.9222222222222223,1.0,0.28888888888888886,0.05555555555555555,0.9666666666666667
1675,3.5255040454864504,0.01782179107293545,0.1171775538980225,0.017821770185305747,2.0387421197180324e-08,5.002085067139382e-10,0.05154689741723331,0.00727830794122484,0.05835234853956434,0.8411111111111111,1.0,1.0,0.7027777777777777,0.9652777777777778,0.7291666666666666,1.0,1.0,1.0,1.0,0.64,0.89,0.79,0.42,0.83,1.0,1.0,1.0,1.0,nan,nan,nan,nan,1.0,nan,nan,nan,0.9875,1.0,0.8375,0.775,0.6625,0.7875,0.475,0.325,0.475,0.9875,1.0,1.0,0.94,0.6222222222222222,0.9888888888888889,0.9888888888888889,0.9222222222222223,1.0,0.28888888888888886,0.05555555555555555,0.9666666666666667
1700,3.4207810401916503,0.017402384523271842,0.11851442169260096,0.017402364471812305,1.8980736058438198e-08,1.0707234802490953e-09,0.05210209599247685,0.00790905819998847,0.05850326750013563,0.8433333333333334,1.0,1.0,0.7013888888888888,0.9638888888888889,0.7277777777777777,1.0,1.0,1.0,1.0,0.64,0.91,0.79,0.42,0.83,1.0,1.0,1.0,1.0,nan,nan,nan,nan,1.0,nan,nan,nan,0.9875,1.0,0.825,0.7875,0.6625,0.775,0.5,0.3125,0.4625,0.9875,1.0,1.0,0.9375,0.6111111111111112,0.9888888888888889,0.9888888888888889,0.9222222222222223,1.0,0.28888888888888886,0.05555555555555555,0.9666666666666667
1725,3.389448356628418,0.017157709138792672,0.11928584943582982,0.017157698266300155,1.003784745989833e-08,8.346450562789363e-10,0.05220992005901572,0.008328759670257568,0.05874716970655653,0.8455555555555555,1.0,1.0,0.7013888888888888,0.9638888888888889,0.7263888888888889,1.0,1.0,1.0,1.0,0.66,0.91,0.79,0.42,0.83,1.0,1.0,1.0,1.0,nan,nan,nan,nan,1.0,nan,nan,nan,0.9875,1.0,0.825,0.7875,0.6625,0.775,0.4875,0.3125,0.475,0.9875,1.0,1.0,0.9375,0.6111111111111112,0.9888888888888889,0.9888888888888889,0.9222222222222223,1.0,0.28888888888888886,0.05555555555555555,0.9555555555555556
1750,3.1171335697174074,0.017157213253183066,0.1200248932396924,0.01715720471040702,7.941065531566791e-09,6.0171051548726e-10,0.05238653112340856,0.008635215626822578,0.05900314648946126,0.8455555555555555,1.0,1.0,0.7,0.9638888888888889,0.7263888888888889,1.0,1.0,1.0,1.0,0.66,0.91,0.79,0.42,0.83,1.0,1.0,1.0,1.0,nan,nan,nan,nan,1.0,nan,nan,nan,0.9875,1.0,0.825,0.7875,0.65,0.775,0.4875,0.3125,0.475,0.9875,1.0,1.0,0.9375,0.6111111111111112,0.9888888888888889,0.9888888888888889,0.9222222222222223,1.0,0.28888888888888886,0.05555555555555555,0.9555555555555556
1775,2.8752924823760986,0.017156303586975015,0.12067475863444953,0.01715629671826775,6.396750601804039e-09,4.719566643668966e-10,0.05253991962950907,0.008882227208879259,0.0592526117960612,0.8455555555555555,1.0,1.0,0.7,0.9625,0.7263888888888889,1.0,1.0,1.0,1.0,0.66,0.91,0.79,0.42,0.83,1.0,1.0,1.0,1.0,nan,nan,nan,nan,1.0,nan,nan,nan,0.9875,1.0,0.825,0.7875,0.65,0.775,0.4875,0.3125,0.475,0.9875,1.0,1.0,0.935,0.6111111111111112,0.9888888888888889,0.9888888888888889,0.9222222222222223,1.0,0.28888888888888886,0.05555555555555555,0.9555555555555556
1800,2.9106350326538086,0.017153518585313936,0.1213491787881027,0.01715351246021412,5.740351601464984e-09,3.8474821748321926e-10,0.05269705689983603,0.00915609531932407,0.0594960265689426,0.8455555555555555,1.0,1.0,0.7,0.9625,0.725,1.0,1.0,1.0,1.0,0.66,0.91,0.79,0.42,0.83,1.0,1.0,1.0,1.0,nan,nan,nan,nan,1.0,nan,nan,nan,0.9875,1.0,0.825,0.7875,0.65,0.775,0.4875,0.3125,0.475,0.9875,1.0,1.0,0.935,0.6,0.9888888888888889,0.9888888888888889,0.9222222222222223,1.0,0.28888888888888886,0.05555555555555555,0.9555555555555556
1825,2.82159460067749,0.016912152186908853,0.12174613174097038,0.016912144790461034,7.055546120682265e-09,3.409016989684864e-10,0.05288176830903983,0.009185586373011272,0.05967877705891927,0.8477777777777777,1.0,1.0,0.6972222222222222,0.9625,0.725,1.0,1.0,1.0,1.0,0.66,0.91,0.79,0.43,0.84,1.0,1.0,1.0,1.0,nan,nan,nan,nan,1.0,nan,nan,nan,0.9875,1.0,0.825,0.7875,0.65,0.775,0.4625,0.3125,0.475,0.9875,1.0,1.0,0.935,0.6,0.9888888888888889,0.9888888888888889,0.9222222222222223,1.0,0.28888888888888886,0.05555555555555555,0.9555555555555556
1850,2.840050792694092,0.0169101759775155,0.12247535424467958,0.016910170566888504,5.088690057972498e-09,3.219369343949236e-10,0.05297667420940635,0.009598115417692397,0.05990056461758084,0.8477777777777777,1.0,1.0,0.6972222222222222,0.9611111111111111,0.7236111111111111,1.0,1.0,1.0,1.0,0.66,0.91,0.79,0.43,0.84,1.0,1.0,1.0,1.0,nan,nan,nan,nan,1.0,nan,nan,nan,0.9875,1.0,0.825,0.7875,0.65,0.775,0.475,0.3,0.475,0.9875,1.0,1.0,0.9325,0.6,0.9888888888888889,0.9888888888888889,0.9222222222222223,1.0,0.2777777777777778,0.05555555555555555,0.9555555555555556
1875,2.8532283973693846,0.016662210847790123,0.12308495574527317,0.016662205825617286,4.719077474469992e-09,3.03095362141903e-10,0.05316967434353299,0.009916864501105415,0.05999841690063477,0.85,1.0,1.0,0.6944444444444444,0.9625,0.7236111111111111,1.0,1.0,1.0,1.0,0.68,0.91,0.79,0.43,0.84,1.0,1.0,1.0,1.0,nan,nan,nan,nan,1.0,nan,nan,nan,0.9875,1.0,0.825,0.7875,0.65,0.7625,0.475,0.3,0.4625,0.9875,1.0,1.0,0.935,0.6,0.9888888888888889,0.9888888888888889,0.9222222222222223,1.0,0.2777777777777778,0.05555555555555555,0.9555555555555556
1900,2.8476547718048097,0.01654113679239778,0.12379711491090281,0.016541132043909144,4.500563287971697e-09,2.479253503730029e-10,0.05327031170880353,0.01027451819843716,0.06025228500366211,0.8511111111111112,1.0,1.0,0.6958333333333333,0.9555555555555556,0.7222222222222222,1.0,1.0,1.0,1.0,0.68,0.91,0.79,0.43,0.85,1.0,1.0,1.0,1.0,nan,nan,nan,nan,1.0,nan,nan,nan,0.9875,1.0,0.825,0.7875,0.65,0.7625,0.475,0.3,0.475,0.9875,1.0,1.0,0.9225,0.6,0.9888888888888889,0.9888888888888889,0.9222222222222223,1.0,0.26666666666666666,0.05555555555555555,0.9555555555555556
1925,2.5556289196014403,0.016540911827411273,0.12429264084792432,0.016540907871576003,3.732794135026375e-09,2.2304113321701555e-10,0.05332991046670042,0.010482188728120592,0.0604805416531033,0.8511111111111112,1.0,1.0,0.6916666666666667,0.9555555555555556,0.7222222222222222,1.0,1.0,1.0,1.0,0.68,0.91,0.79,0.43,0.85,1.0,1.0,1.0,1.0,nan,nan,nan,nan,1.0,nan,nan,nan,0.9875,1.0,0.8125,0.7875,0.65,0.7625,0.475,0.3,0.45,0.9875,1.0,1.0,0.9225,0.6,0.9888888888888889,0.9888888888888889,0.9222222222222223,1.0,0.26666666666666666,0.05555555555555555,0.9555555555555556
1950,2.421291275024414,0.01654071167661456,0.12474457077038141,0.016540708188657407,3.2860099155287674e-09,2.0194723523066689e-10,0.05339617317105517,0.010661051670710246,0.06068734592861599,0.8511111111111112,1.0,1.0,0.6916666666666667,0.9555555555555556,0.7208333333333333,1.0,1.0,1.0,1.0,0.68,0.91,0.79,0.43,0.85,1.0,1.0,1.0,1.0,nan,nan,nan,nan,1.0,nan,nan,nan,0.9875,1.0,0.8125,0.7875,0.6375,0.7625,0.4875,0.3,0.45,0.9875,1.0,1.0,0.9225,0.6,0.9777777777777777,0.9888888888888889,0.9222222222222223,1.0,0.26666666666666666,0.05555555555555555,0.9555555555555556
1975,2.1754000759124756,0.01654047391142026,0.1251389201776481,0.016540470829716436,2.8982175434874887e-09,1.8348627703643513e-10,0.05345325234495563,0.01080196566051907,0.06088370217217339,0.8511111111111112,1.0,1.0,0.6916666666666667,0.9555555555555556,0.7194444444444444,1.0,1.0,1.0,1.0,0.68,0.91,0.79,0.43,0.85,1.0,1.0,1.0,1.0,nan,nan,nan,nan,1.0,nan,nan,nan,0.9875,1.0,0.8125,0.7875,0.6375,0.7625,0.4875,0.3,0.45,0.9875,1.0,1.0,0.9225,0.6,0.9666666666666667,0.9888888888888889,0.9222222222222223,1.0,0.26666666666666666,0.05555555555555555,0.9555555555555556
2000,1.7787918472290039,0.016540243886389257,0.1256043561446814,0.016540241005979936,2.713203836416748e-09,1.672054850132554e-10,0.053525171162169656,0.011003126700719198,0.061076058281792536,0.8511111111111112,1.0,1.0,0.6916666666666667,0.9541666666666667,0.7180555555555556,1.0,1.0,1.0,1.0,0.68,0.91,0.79,0.43,0.85,1.0,1.0,1.0,1.0,nan,nan,nan,nan,1.0,nan,nan,nan,0.9875,1.0,0.8125,0.7875,0.6375,0.7625,0.4875,0.3,0.45,0.9875,1.0,1.0,0.92,0.6,0.9666666666666667,0.9888888888888889,0.9222222222222223,1.0,0.25555555555555554,0.05555555555555555,0.9555555555555556
